<?xml version="1.0" encoding="UTF-8"?>
<beans xmlns="http://www.springframework.org/schema/beans"
       xmlns:xsi="http://www.w3.org/2001/XMLSchema-instance"
       xmlns:context="http://www.springframework.org/schema/context"
       xmlns:aop="http://www.springframework.org/schema/aop"
       xsi:schemaLocation="http://www.springframework.org/schema/beans
                        http://www.springframework.org/schema/beans/spring-beans-3.2.xsd
                        http://www.springframework.org/schema/context
                        http://www.springframework.org/schema/context/spring-context-3.2.xsd http://www.springframework.org/schema/aop https://www.springframework.org/schema/aop/spring-aop.xsd">

    <bean id="user1"
          class="io.kimmking.rpcfx.demo.api.User">
        <property name="id" value="0001" />
        <property name="name" value="user0001" />
    </bean>

    <bean id="user2"
          class="io.kimmking.rpcfx.demo.api.User">
        <property name="id" value="0002" />
        <property name="name" value="user0002" />
    </bean>

    <context:component-scan base-package="io.kimmking.rpcfx.demo.api" />

    <bean id="aop1" class="io.kimmking.rpcfx.api.Aop1" />

    <!--    <aop:aspectj-autoproxy proxy-target-class="true" />-->
    <aop:aspectj-autoproxy  />

    <aop:config>
        <aop:pointcut expression="execution(* io.kimmking.rpcfx.api.*.*(..))" id="p1" /> <!--切点-->
        <aop:aspect ref="aop1"> <!--切面 -->
            <aop:around method="around" pointcut-ref="p1" />
            <aop:before method="startTransaction" pointcut-ref="p1" /> <!--前置通知-->
            <aop:after-returning method="commitTransaction" pointcut-ref="p1"/> <!--后置通知-->
        </aop:aspect>
    </aop:config>

    <!--    <context:annotation-config />-->
    <!--    -->
    <bean id="io.kimmking.rpcfx.demo.api.UserService" class="io.kimmking.rpcfx.demo.api.UserService"></bean>


</beans>