<?xml version="1.0" encoding="UTF-8"?>
<beans xmlns="http://www.springframework.org/schema/beans"
       xmlns:xsi="http://www.w3.org/2001/XMLSchema-instance"
       xmlns:context="http://www.springframework.org/schema/context"
       xsi:schemaLocation="http://www.springframework.org/schema/beans
                        http://www.springframework.org/schema/beans/spring-beans-3.2.xsd
                        http://www.springframework.org/schema/context
                        http://www.springframework.org/schema/context/spring-context-3.2.xsd http://www.springframework.org/schema/aop https://www.springframework.org/schema/aop/spring-aop.xsd">
    
    <bean id="0001"
          class="com.judy.democlass.Student">
        <property name="id" value="0001" />
        <property name="name" value="student0001" />
    </bean>
    
    <bean id="0002"
          class="com.judy.democlass.Student">
        <property name="id" value="0002" />
        <property name="name" value="student0002" />
    </bean>

<!--    <bean id="cls1" class="com.judy.democlass.Klass">-->
<!--        <property name="students">-->
<!--            <list>-->
<!--                <ref bean="student0001" />-->
<!--                <ref bean="student0002" />-->
<!--                                <bean class="com.judy.democlass.Student">-->
<!--                                    <property name="name" value="test_student" />-->
<!--                                    <property name="id" value="01" />-->
<!--                                </bean>-->
<!--            </list>-->
<!--        </property>-->
<!--    </bean>-->

    <context:component-scan base-package="com.judy.democlass" />

<!--    <context:annotation-config />-->
<!--    -->
<!--    <bean id="school" class="com.judy.democlass.School"></bean>-->
    
    
</beans>