<?xml version="1.0" encoding="UTF-8"?>
<!DOCTYPE log4j:configuration SYSTEM "log4j.dtd">

<log4j:configuration xmlns:log4j='http://jakarta.apache.org/log4j/' >
    
    <appender name="console" class="org.apache.log4j.ConsoleAppender">
        <layout class="org.apache.log4j.PatternLayout">
            <param name="ConversionPattern"
                   value="[%d{dd HH:mm:ss,SSS\} %-5p] [%t] %c{2\} - %m%n" />
        </layout>
    </appender>
    
    <appender name="file" class="org.apache.log4j.RollingFileAppender">
        <param name="File" value="spring01.log" />
        <param name="Append" value="true" />
        <param name="MaxBackupIndex" value="10" />
        <layout class="org.apache.log4j.PatternLayout">
            <param name="ConversionPattern" value="%p (%c:%L)- %m%n" />
        </layout>
    </appender>
   
    <root>
        <priority value ="debug"/>
        <appender-ref ref="console"/>
        <appender-ref ref="file"/>
    </root>
</log4j:configuration>  